Model,Scenario 1,Scenario 2,Scenario 3,Scenario 4,Scenario 5
GPT 3.5 Turbo,4.253214639,1.78041543,2.077151335,0.8902077151,2.868447082
GPT 4o,0.4451038576,0.4451038576,0.5934718101,0.4945598417,1.18694362
Gemini 1.5 Pro,1.483679525,1.483679525,1.285855589,0.9891196835,0.8902077151
Llama 3 70B,0.296735905,0.3956478734,0,0.296735905,0.4451038576
Llama 3.1 405B,0,0.296735905,0.296735905,0.4945598417,0
Mixtral 8x7B,4.352126607,3.264094955,2.176063304,1.582591494,3.956478734